{
    "total_bits": 450.0,
    "max_bits": 24.0,
    "min_bits": 4.0,
    "mean_bits": 16.071428571428573,
    "active_bands": 28,
    "bit_depth": 24,
    "dynamic_range": 144,
    "theoretical_snr": 146.23999999999998,
    "frame_size": 1024,
    "verification": true
}