{
    "overall": {
        "mse": 0.3870602683957833,
        "max_error": 4.195898344650487,
        "avg_snr": 12.072847566117737
    },
    "per_subband": {
        "mse": [
            1.084258597928978,
            0.06128349362296796,
            0.05884696295568172,
            0.9098592090547898,
            0.014493806108482069,
            1.0954192406076566,
            0.05938106152965614,
            1.0084758029999845,
            0.32830639575870163,
            0.9478248699216296,
            0.05532957241632913,
            0.00024731064903347295,
            0.22535891068270408,
            0.004147408579780789,
            0.9828444614059477,
            0.28108721462631864,
            0.06319839804927659,
            0.0033144556859587286,
            0.05334725142670962,
            0.2116767207799415,
            0.0034387699735534006,
            0.9761680971808055,
            0.00020641507039885322,
            1.0156094148226953,
            0.9186383464197554,
            0.01679966981207102,
            0.000218051116730227,
            0.9949509219121911,
            0.0014163736520143584,
            0.0011852879450228355,
            0.9509046561767882,
            0.05769143979250998
        ],
        "snr": [
            -4.0054498518097737e-10,
            11.921373686201441,
            12.360211301258218,
            -4.773203986021101e-10,
            17.83944829553097,
            -3.964644335058827e-10,
            12.324180334703108,
            -4.3064453839738547e-10,
            5.186969717673096,
            -4.582011600844321e-10,
            12.556910262402333,
            36.25830894002791,
            6.657379158139591,
            23.99353730593001,
            -4.418750960739932e-10,
            5.414165995026654,
            11.88731102437061,
            24.943813863810526,
            12.415152636040807,
            6.37087788295224,
            24.48917878769782,
            -4.4489729835447973e-10,
            37.019451860557375,
            -4.2761944313450886e-10,
            -4.727591296848142e-10,
            17.624538625927865,
            36.700116130856514,
            -4.364984882836816e-10,
            28.4653530210309,
            29.373629851973362,
            -4.5671706011325026e-10,
            12.529213438499722
        ],
        "step_sizes": [
            0.0,
            0.25,
            0.25,
            0.0,
            0.125,
            0.0,
            0.25,
            1.0,
            0.5,
            0.0,
            0.25,
            0.015625,
            0.5,
            0.0625,
            0.0,
            0.5,
            0.25,
            0.0625,
            0.25,
            0.5,
            0.0625,
            0.0,
            0.015625,
            0.0,
            0.0,
            0.125,
            0.015625,
            0.0,
            0.03125,
            0.03125,
            1.0,
            0.25
        ],
        "scale_factors": [
            0.0,
            3.389488140511769,
            3.2618597705976042,
            0.0,
            3.3606986142044164,
            0.0,
            3.3400295245902134,
            3.3982707657586335,
            3.8442512108466715,
            0.0,
            3.1748874323039127,
            3.429156595715286,
            3.182721229349375,
            3.612149118763052,
            0.0,
            3.6298078883440916,
            3.478129677243068,
            3.1788195052996016,
            3.2856741376268435,
            3.086124099120997,
            3.2875640747757977,
            0.0,
            3.2460401752280963,
            0.0,
            0.0,
            3.5641024982121112,
            3.2601983097162712,
            0.0,
            3.9914655089790454,
            3.789892250625542,
            2.7811858887838627,
            3.2833272626580663
        ]
    }
}