{
    "original": {
        "label": "Original",
        "variances": [
            0.00046754916308383484,
            0.0012175659806360943,
            0.0009877820228470131,
            0.00025200251097980196,
            0.00017412115504866397,
            0.00010299600166346436,
            9.263967320996142e-05,
            9.263832032800543e-05,
            0.0001247528685707893,
            5.2081835961773544e-05,
            2.2423208916765308e-05,
            2.6326252025360354e-05,
            3.173014423360744e-05,
            1.942479607548141e-05,
            4.8433914433552935e-06,
            3.700369239210455e-06,
            4.724601127095433e-06,
            8.525179325706093e-06,
            1.696149188413208e-05,
            8.363567543720988e-06,
            3.9121788663243854e-06,
            1.7908560157225535e-06,
            2.2315152427945298e-06,
            2.97744037405999e-06,
            8.46660486830999e-06,
            4.599806075140811e-06,
            3.6252246579223414e-06,
            3.655405199651355e-06,
            3.4555994732338168e-06,
            2.9416900994526653e-06,
            1.418312330303133e-06,
            1.1106725752660176e-06,
            1.122648912642391e-06,
            1.1296213753340072e-06,
            9.828312582360628e-07,
            8.930834733354702e-07,
            1.2075958764500167e-06,
            1.6342594290290556e-06,
            2.743770886524793e-06,
            2.5159321220288467e-06,
            1.9866873959661928e-06,
            1.5615316863299805e-06,
            1.4006370600404633e-06,
            1.0820688375385494e-06,
            1.392946062561062e-06,
            1.2383175762611435e-06,
            1.7513789680107105e-06,
            7.126050489965268e-07,
            9.455713518333569e-07,
            8.741429311548602e-07,
            5.843723666030358e-07,
            5.170820333216015e-07,
            2.5787347401873687e-07,
            3.205415733187999e-07,
            7.259301543449379e-08,
            1.0491759420618372e-07,
            1.0336358325047856e-07,
            1.0005031833539736e-07,
            6.044062118166983e-08,
            7.670473390754597e-08,
            4.2466170654700006e-10,
            8.273975263692545e-14,
            1.2763056053477341e-14,
            6.492764887714961e-15
        ],
        "allocated_bits": [
            17.492647737974295,
            18.183052726262495,
            18.032185057651034,
            17.046807755829626,
            16.780134449107948,
            16.40138286766252,
            16.324939735990903,
            16.324929201571507,
            16.539625196003968,
            15.909514807171504,
            15.3016210301978,
            15.417375726231025,
            15.552051693520884,
            15.1980743804424,
            14.196169409661216,
            14.001995224669049,
            14.178256874169488,
            14.604025697111656,
            15.10025618930225,
            14.590219839560847,
            14.042146772645966,
            13.478485281333118,
            13.637172437075343,
            13.845196915012451,
            14.59905238689421,
            14.158947126139877,
            13.98719580786256,
            13.9931762749565,
            13.952628611121835,
            13.836483241393164,
            13.31024824008426,
            13.133877393914577,
            13.141614017710639,
            13.146080253195924,
            13.04566843016693,
            12.976594071627936,
            13.194229474277936,
            13.412479116949234,
            13.786240614950065,
            13.723707106413825,
            13.55334304809673,
            13.379641528746953,
            13.301202189443252,
            13.115056747178027,
            13.297230304065321,
            13.21235128269537,
            13.462406252319232,
            12.813747911709797,
            13.017789722293768,
            12.961131156093145,
            12.67064053831054,
            12.582393147718188,
            12.080528248469472,
            12.237452300202065,
            11.166147884287199,
            11.431824874836074,
            11.421060553594137,
            11.397559437791912,
            11.033991755549769,
            11.205890320477588,
            7.4574614271556605,
            1.2947385491226764,
            0.0,
            0.0
        ],
        "snr_per_band": [
            107.06573938260526,
            111.22197741210022,
            110.31375404705922,
            104.38178269009434,
            102.77640938362984,
            100.49632486332837,
            100.03613721066523,
            100.03607379346047,
            101.32854367994388,
            97.53527913917246,
            93.87575860179076,
            94.57260187191078,
            95.38335119499573,
            93.25240777026325,
            87.22093984616052,
            86.05201125250767,
            87.11310638250032,
            89.67623469661217,
            92.66354225959954,
            89.5931234341563,
            86.29372357132871,
            82.90048139362537,
            83.85577807119357,
            85.10808542837495,
            89.64629536910314,
            86.99686169936206,
            85.96291876333261,
            85.99892117523814,
            85.75482423895345,
            85.05562911318685,
            81.88769440530724,
            80.82594191136576,
            80.87251638661805,
            80.89940312423947,
            80.29492394960492,
            79.87909631120017,
            81.18926143515317,
            82.50312428403439,
            84.7531685019994,
            84.37671678061122,
            83.35112514954231,
            82.30544200305665,
            81.83323718044838,
            80.71264161801172,
            81.80932643047323,
            81.29835472182613,
            82.80368563896178,
            78.89876242849297,
            80.12709412820848,
            79.78600955968074,
            78.03725604062944,
            77.50600674926349,
            74.48478005578622,
            75.42946284721643,
            68.98021026340894,
            70.57958574651317,
            70.5147845326367,
            70.37330781550732,
            68.18463036840961,
            69.21945972927507,
            46.65391779147707,
            9.554326065718511,
            1.76,
            1.76
        ],
        "avg_bits": 13.244844974280868,
        "max_bits": 18.183052726262495,
        "min_bits": 0.0,
        "std_bits": 3.3714219776524454
    },
    "24bit": {
        "label": "24-bit",