{
    "overall": {
        "mse": 0.3960233629124116,
        "max_error": 4.195898344650487,
        "avg_snr": 11.513958672260753
    },
    "per_subband": {
        "mse": [
            1.084258597928978,
            0.07462606190133393,
            0.07151811122651477,
            0.9098592090547898,
            0.017895655303522863,
            1.0954192406076566,
            0.07114260763167274,
            1.0084758029999845,
            0.3879615921550327,
            0.9478248699216296,
            0.06681689953055864,
            0.000293748653513905,
            0.2612358109584756,
            0.005232465085254413,
            0.9828444614059477,
            0.33641806377265465,
            0.07556446261214578,
            0.004293669559970669,
            0.0641250305795684,
            0.2531956231619977,
            0.004376208165168555,
            0.9761680971808055,
            0.00027325365332140717,
            1.0156094148226953,
            0.9186383464197554,
            0.01980455435408055,
            0.00027384896025163237,
            0.9949509219121911,
            0.0016323756296268504,
            0.0014503929839789812,
            0.9509046561767882,
            0.0696635588873049
        ],
        "snr": [
            -4.0054498518097737e-10,
            11.065903601179235,
            11.51329148083805,
            -4.773203986021101e-10,
            16.923796713279494,
            -3.964644335058827e-10,
            11.5393621102445,
            -4.3064453839738547e-10,
            4.461875821556969,
            -4.582011600844321e-10,
            11.73762020968905,
            35.51097854398178,
            6.015799395498763,
            22.984242154318345,
            -4.418750960739932e-10,
            4.633783845701215,
            11.11119574344463,
            23.819649881129187,
            11.615997270018797,
            5.593046932626988,
            23.442230353030197,
            -4.4489729835447973e-10,
            35.80120662494635,
            -4.2761944313450886e-10,
            -4.727591296848142e-10,
            16.909895347127307,
            35.71058872544069,
            -4.364984882836816e-10,
            27.84893042993097,
            28.497011690544824,
            -4.5671706011325026e-10,
            11.710270642660248
        ],
        "step_sizes": [
            0.0,
            0.2777777777777778,
            0.2777777777777778,
            0.0,
            0.1388888888888889,
            0.0,
            0.2777777777777778,
            1.1111111111111112,
            0.5555555555555556,
            0.0,
            0.2777777777777778,
            0.017361111111111112,
            0.5555555555555556,
            0.06944444444444445,
            0.0,
            0.5555555555555556,
            0.2777777777777778,
            0.06944444444444445,
            0.2777777777777778,
            0.5555555555555556,
            0.06944444444444445,
            0.0,
            0.017361111111111112,
            0.0,
            0.0,
            0.1388888888888889,
            0.017361111111111112,
            0.0,
            0.034722222222222224,
            0.034722222222222224,
            1.1111111111111112,
            0.2777777777777778
        ],
        "scale_factors": [
            0.0,
            3.389488140511769,
            3.2618597705976042,
            0.0,
            3.3606986142044164,
            0.0,
            3.3400295245902134,
            3.3982707657586335,
            3.8442512108466715,
            0.0,
            3.1748874323039127,
            3.429156595715286,
            3.182721229349375,
            3.612149118763052,
            0.0,
            3.6298078883440916,
            3.478129677243068,
            3.1788195052996016,
            3.2856741376268435,
            3.086124099120997,
            3.2875640747757977,
            0.0,
            3.2460401752280963,
            0.0,
            0.0,
            3.5641024982121112,
            3.2601983097162712,
            0.0,
            3.9914655089790454,
            3.789892250625542,
            2.7811858887838627,
            3.2833272626580663
        ]
    }
}