{
    "target_bitrate": 16,
    "num_subbands": 32,
    "bit_allocation": [
        0,
        3,
        3,
        0,
        4,
        0,
        3,
        1,
        2,
        0,
        3,
        7,
        2,
        5,
        0,
        2,
        3,
        5,
        3,
        2,
        5,
        0,
        7,
        0,
        0,
        4,
        7,
        0,
        6,
        6,
        1,
        3
    ],
    "step_sizes": [
        0.0,
        0.2777777777777778,
        0.2777777777777778,
        0.0,
        0.1388888888888889,
        0.0,
        0.2777777777777778,
        1.1111111111111112,
        0.5555555555555556,
        0.0,
        0.2777777777777778,
        0.017361111111111112,
        0.5555555555555556,
        0.06944444444444445,
        0.0,
        0.5555555555555556,
        0.2777777777777778,
        0.06944444444444445,
        0.2777777777777778,
        0.5555555555555556,
        0.06944444444444445,
        0.0,
        0.017361111111111112,
        0.0,
        0.0,
        0.1388888888888889,
        0.017361111111111112,
        0.0,
        0.034722222222222224,
        0.034722222222222224,
        1.1111111111111112,
        0.2777777777777778
    ],
    "scale_factors": [
        0.0,
        3.389488140511769,
        3.2618597705976042,
        0.0,
        3.3606986142044164,
        0.0,
        3.3400295245902134,
        3.3982707657586335,
        3.8442512108466715,
        0.0,
        3.1748874323039127,
        3.429156595715286,
        3.182721229349375,
        3.612149118763052,
        0.0,
        3.6298078883440916,
        3.478129677243068,
        3.1788195052996016,
        3.2856741376268435,
        3.086124099120997,
        3.2875640747757977,
        0.0,
        3.2460401752280963,
        0.0,
        0.0,
        3.5641024982121112,
        3.2601983097162712,
        0.0,
        3.9914655089790454,
        3.789892250625542,
        2.7811858887838627,
        3.2833272626580663
    ]
}