{
    "sample_rate": 24000,
    "num_subbands": 32,
    "subband_energies": {
        "original": [
            0.001725649854330295,
            0.001237048216365619,
            0.00028036470736791334,
            0.00018701594751204873,
            0.00017214378142215242,
            4.851425247544932e-05,
            5.157802989458074e-05,
            8.319275650062337e-06,
            1.3319848890060205e-05,
            2.5432969971971727e-05,
            5.773540835199866e-06,
            5.3911687117394765e-06,
            1.3157263386887171e-05,
            7.349373558502131e-06,
            6.6670660270312544e-06,
            2.4676929919642405e-06,
            2.2461295729756618e-06,
            1.8928605181432776e-06,
            2.766353291080556e-06,
            5.285707717023137e-06,
            3.5758412272220457e-06,
            2.5452632080960285e-06,
            2.626460692146497e-06,
            2.4759039430158813e-06,
            1.7586689422208797e-06,
            1.0615986081313197e-06,
            5.869523934822079e-07,
            1.742362965406672e-07,
            2.0708648667722886e-07,
            1.480172213975986e-07,
            7.129207080255066e-10,
            4.038637710585059e-14
        ],
        "24bit": [
            0.0017256502705544708,
            0.001237048513355149,
            0.00028036477323436766,
            0.00018701599351093803,
            0.00017214382254738096,
            4.8514263832902794e-05,
            5.157804264057132e-05,
            8.319277817208857e-06,
            1.3319852271710375e-05,
            2.5432976303370477e-05,
            5.773542248159843e-06,
            5.39116967998099e-06,
            1.3157266482410026e-05,
            7.34937549628608e-06,
            6.667067539616524e-06,
            2.4676934974551232e-06,
            2.2461300688385954e-06,
            1.892860869469513e-06,
            2.766353695050734e-06,
            5.285709190338505e-06,
            3.57584219046054e-06,
            2.545263817512109e-06,
            2.62646157217805e-06,
            2.475904448764787e-06,
            1.7586694262286098e-06,
            1.061598887947235e-06,
            5.869525136572052e-07,
            1.7423631949715476e-07,
            2.070865330435332e-07,
            1.480172915168011e-07,
            7.129225752565449e-10,
            4.04093178111951e-14
        ],
        "16bit": [
            0.0017257533696283063,
            0.0012371239949280424,
            0.0002803821781162233,
            0.00018702705284343363,
            0.0001721545157383343,
            4.851709341642234e-05,
            5.158101088927806e-05,
            8.319771283365649e-06,
            1.3320652682193852e-05,
            2.5434568304646117e-05,
            5.773932596396533e-06,
            5.3915459052671e-06,
            1.3158059775087622e-05,
            7.349786867712615e-06,
            6.667475824785999e-06,
            2.467787271564033e-06,
            2.2462107254529606e-06,
            1.8930065155620245e-06,
            2.7664306355114073e-06,
            5.286025411304644e-06,
            3.5760200289454653e-06,
            2.54540561137751e-06,
            2.626627246638547e-06,
            2.47605948510202e-06,
            1.7587680881587082e-06,
            1.061634073535788e-06,
            5.869776524345322e-07,
            1.7423501880572875e-07,
            2.0710592683483864e-07,
            1.480269531592238e-07,
            7.133075042201333e-10,
            6.37402087124121e-13
        ]
    },
    "energy_differences": {
        "24bit_vs_original": [
            -92.87161660458085,
            -94.01220946976223,
            -97.8024143901544,
            -98.35650448153109,
            -98.50395341739377,
            -99.5328070909433,
            -99.47898893366583,
            -99.90688736090095,
            -99.8555653994087,
            -99.7333847310187,
            -99.9390654118499,
            -99.95815207447447,
            -99.86760194480954,
            -99.91664811880953,
            -99.93480111698089,
            -99.97810210930766,
            -99.97851816273995,
            -99.98476883535776,
            -99.98249113961457,
            -99.93648149988547,
            -99.95836727458084,
            -99.97361371562675,
            -99.96194790599029,
            -99.97809095989552,
            -99.97903051748298,
            -99.98786471951787,
            -99.99478399971615,
            -99.99900312683243,
            -99.9979868036735,
            -99.9969558288769,
            -99.99991890794345,
            -99.99999900369794
        ],
        "16bit_vs_original": [
            -69.84576119577216,
            -71.19880905741384,
            -77.55209742206165,
            -79.5057529517482,
            -79.65198494386257,
            -85.31513692035091,
            -85.11309049144195,
            -92.25021027776737,
            -90.43931442965702,
            -87.69977234880884,
            -93.08245743059672,
            -93.21305455480562,
            -90.47503868907384,
            -92.8962094297363,
            -92.92602081586018,
            -97.11572799825987,
            -97.41955722518924,
            -96.0906944992851,
            -97.51182445131704,
            -93.79141470454189,
            -95.54704545963898,
            -96.15461505299562,
            -95.74213994226761,
            -95.92537564130014,
            -97.00828547887133,
            -98.68171601962403,
            -99.02191225092386,
            -99.94486020149864,
            -99.22849632200209,
            -99.59667648614341,
            -99.98323405885361,
            -99.9741490277806
        ]
    }
}