{
    "sample_rate": 24000,
    "duration": 7.975,
    "band_energies": {
        "band_0": -11.95524799930672,
        "band_1": 3.548377628085385,
        "band_2": 2.839579134184632,
        "band_3": 1.7443672994537234,
        "band_4": 2.845934420201202,
        "band_5": -2.36582190075798,
        "band_6": -8.63008386638216,
        "band_7": -8.693821263921008,
        "band_8": -10.10282919228724,
        "band_9": -11.071996265342797,
        "band_10": -9.476777033089782,
        "band_11": -8.125014225913993,
        "band_12": -12.1206061106161,
        "band_13": -11.968307991113406,
        "band_14": -12.028379057500178,
        "band_15": -16.770633765474265,
        "band_16": -15.094186492549259,
        "band_17": -20.150438801262357,
        "band_18": -21.218158434071626,
        "band_19": -25.074089962977446,
        "band_20": -31.762390359790366,
        "band_21": -28.246464419944157,
        "band_22": -51.32794949569599,
        "band_23": -109.29402170092341
    }
}