Audio Format,File Size (KB),SNR (dB),Size Reduction (%)
32-bit (Original),6082.09,194.4,0.0
24-bit,9122.94,130.33999633789062,-50.0
16-bit,6081.98,82.06999969482422,0.0
