{
    "original": {},
    "24bit": {
        "metrics": {
            "mse": 2.543679761050329e-21,
            "masked_mse": 304.60002448837616,
            "max_error": 2.934877098292876e-10,
            "above_threshold": 0.9375
        },
        "error": [
            1.1227622943778964e-10,
            2.934877098292876e-10,
            2.36232650411769e-10,
            6.102786380629902e-11,
            4.0148545864824095e-11,
            2.514659299204542e-11,
            2.265315726343066e-11,
            2.2889221564675356e-11,
            3.011207692156688e-11,
            1.1893350040437841e-11,
            4.8638084526727784e-12,
            6.545189235973407e-12,
            8.09369040430212e-12,
            4.571368389621848e-12,
            1.2162864590953325e-12,
            1.0279231613236051e-12,
            1.3056439762492269e-12,
            2.0781548445254153e-12,
            3.970293759286269e-12,
            2.24691056369521e-12,
            8.833294804907132e-13,
            4.662199263836284e-13,
            3.64988488346337e-13,
            5.619956442658961e-13,
            2.0451556843447544e-12,
            1.0126417086320835e-12,
            1.1175101481732401e-12,
            8.316603597468848e-13,
            7.215055752999363e-13,
            6.915012148772572e-13,
            2.7822012644846805e-13,
            2.503496950710156e-13,
            2.2714431374419217e-13,
            2.601908433953954e-13,
            1.3520521359706268e-13,
            2.4389177866181134e-13,
            2.5665890108204394e-13,
            1.998013581585987e-13,
            7.583151186995349e-13,
            7.031219029790948e-13,
            4.806429848749742e-13,
            4.369546106777582e-13,
            3.495602484449462e-13,
            2.407383901956644e-13,
            4.536125876232911e-13,
            4.381967825890825e-13,
            3.5077409049231664e-13,
            1.4911481331539804e-13,
            2.29364651161467e-13,
            2.8280227823158227e-13,
            5.161903113285517e-14,
            2.2681261585380562e-13,
            8.737108740854775e-14,
            3.524479143110891e-14,
            2.7400231847607697e-14,
            6.015975010210619e-16,
            3.527900806816708e-14,
            7.96630394664743e-15,
            1.3828610663083648e-14,
            4.591451557688967e-14,
            1.7162442507526148e-15,
            5.6326323341735236e-18,
            1.243628759693221e-17,
            8.3664196298022e-18
        ],
        "masked_error": [
            11.955247999418997,
            0.0,
            0.0,
            0.0,
            0.0,
            2.3658219007831267,
            8.630083866404814,
            8.693821263943896,
            10.102829192317353,
            11.07199626535469,
            9.476777033094645,
            8.12501422592054,
            12.120606110624193,
            11.968307991117976,
            12.028379057501395,
            16.770633765475292,
            15.094186492550564,
            20.150438801264436,
            21.218158434075598,
            25.07408996297969,
            31.76239035979125,
            28.246464419944623,
            51.32794949569635,
            109.29402170092398,
            2.0451556843447544e-12,
            1.0126417086320835e-12,
            1.1175101481732401e-12,
            8.316603597468848e-13,
            7.215055752999363e-13,
            6.915012148772572e-13,
            2.7822012644846805e-13,
            2.503496950710156e-13,
            2.2714431374419217e-13,
            2.601908433953954e-13,
            1.3520521359706268e-13,
            2.4389177866181134e-13,
            2.5665890108204394e-13,
            1.998013581585987e-13,
            7.583151186995349e-13,
            7.031219029790948e-13,
            4.806429848749742e-13,
            4.369546106777582e-13,
            3.495602484449462e-13,
            2.407383901956644e-13,
            4.536125876232911e-13,
            4.381967825890825e-13,
            3.5077409049231664e-13,
            1.4911481331539804e-13,
            2.29364651161467e-13,
            2.8280227823158227e-13,
            5.161903113285517e-14,
            2.2681261585380562e-13,
            8.737108740854775e-14,
            3.524479143110891e-14,
            2.7400231847607697e-14,
            6.015975010210619e-16,
            3.527900806816708e-14,
            7.96630394664743e-15,
            1.3828610663083648e-14,
            4.591451557688967e-14,
            1.7162442507526148e-15,
            5.6326323341735236e-18,
            1.243628759693221e-17,
            8.3664196298022e-18
        ],
        "allocated_bits": [
            17.49264773791152,
            18.183052726853838,
            18.032185056879054,
            17.046807757233957,
            16.78013444214939,
            16.401382870494764,
            16.32493973909625,
            16.324929206517595,
            16.53962519683279,
            15.909514798612037,
            15.301621013379393,
            15.417375732285665,
            15.55205170423583,
            15.198074376916395,
            14.196169417522503,
            14.001995251766113,
            14.178256900228352,
            14.604025699666574,
            15.100256184867469,
            14.590219860068556,
            14.042146762233182,
            13.478485295838498,
            13.637172381773967,
            13.845196877882131,
            14.599052387854144,
            14.158947111658073,
            13.987195856939229,
            13.993176265788465,
            13.95262858844869,
            13.83648323767428,
            13.310248208300234,
            13.133877383223384,
            13.141613990374506,
            13.146080246061603,
            13.045668356115021,
            12.976594095334827,
            13.19422945430545,
            13.412479031854197,
            13.786240641028323,
            13.723707134721602,
            13.553343049328094,
            13.37964155731197,
            13.301202196186043,
            13.115056734377651,
            13.297230365686383,
            13.212351364669127,
            13.46240622350839,
            12.813747889368418,
            13.017789723983473,
            12.961131216177526,
            12.67064042874335,
            12.582393290844083,
            12.080528319586348,
            12.237452206231458,
            11.166147983274184,
            11.431824697414303,
            11.421060626511535,
            11.397559321942179,
            11.033991747306068,
            11.205890578981696,
            7.4574641691459815,
            1.2947874809763493,
            0.0,
            0.0
        ],
        "snr": 163.65701365256024
    },
    "16bit": {
        "metrics": {
            "mse": 1.6134245632138738e-16,
            "masked_mse": 304.600024510699,
            "max_error": 7.321603993546387e-08,
            "above_threshold": 0.9375
        },